mutation_pb,individual_pb,crossover_pb,runs,mean_generations,median_generations,max_generations,min_generations,q1_generations,q3_generations,iqr_generations,ci_generations,generations_upper_lower,std_deviation_generations,converged_number,convergence_percent,mean_time_taken,std_deviation_time_taken,q1_time_taken,q3_time_taken,iqr_time_taken,ci_time_taken,time_taken_upper_lower
0.2,0.2,0.2,20,90.8,100.0,100,19,100.0,100.0,0.0,10.72,80.08-101.52,22.91,4,20.0,293.55,73.69,310.98,328.46,17.48,34.49,259.06-328.04
0.2,0.2,0.5,20,54.35,40.5,100,4,10.0,100.0,90.0,19.52,34.83-73.87,41.71,12,60.0,230.87,176.87,43.28,426.41,383.14,82.78,148.09-313.65
0.2,0.2,0.7,20,53.1,29.5,100,5,14.0,100.0,86.0,20.1,33.0-73.2,42.94,11,55.0,164.85,133.04,43.26,313.12,269.86,62.26,102.59-227.11
0.2,0.2,1.0,20,40.9,28.5,100,4,12.75,59.25,46.5,16.29,24.61-57.19,34.81,16,80.0,239.09,203.4,73.47,344.12,270.65,95.2,143.89-334.29
0.2,0.5,0.2,20,78.3,100.0,100,12,45.0,100.0,55.0,14.87,63.43-93.17,31.77,7,35.0,262.49,106.9,150.13,337.7,187.57,50.03,212.46-312.52
0.2,0.5,0.5,20,52.9,42.5,100,3,10.5,100.0,89.5,19.87,33.03-72.77,42.45,12,60.0,224.56,180.14,44.36,423.96,379.6,84.31,140.25-308.87
0.2,0.5,0.7,20,50.9,39.0,100,1,12.0,100.0,88.0,19.31,31.59-70.21,41.27,13,65.0,160.89,130.69,37.51,315.93,278.42,61.17,99.72-222.06
0.2,0.5,1.0,20,48.4,39.0,100,2,9.25,100.0,90.75,18.87,29.53-67.27,40.32,13,65.0,283.73,236.48,54.92,583.85,528.93,110.67,173.06-394.4
0.2,0.7,0.2,20,71.7,98.0,100,11,44.75,100.0,55.25,15.32,56.38-87.02,32.74,10,50.0,240.92,109.82,152.66,337.69,185.03,51.4,189.52-292.32
0.2,0.7,0.5,20,58.75,73.0,100,4,14.75,100.0,85.25,19.7,39.05-78.45,42.08,10,50.0,255.57,182.96,65.09,435.14,370.05,85.63,169.94-341.2
0.2,0.7,0.7,20,43.65,24.5,100,3,10.75,100.0,89.25,18.42,25.23-62.07,39.36,14,70.0,140.24,126.4,34.75,317.6,282.85,59.16,81.08-199.4
0.2,0.7,1.0,20,43.4,15.5,100,1,11.75,100.0,88.25,19.03,24.37-62.43,40.66,14,70.0,247.72,232.15,65.55,562.96,497.41,108.65,139.07-356.37
0.2,1.0,0.2,20,70.1,100.0,100,1,20.75,100.0,79.25,19.09,51.01-89.19,40.79,8,40.0,219.4,134.7,56.21,338.76,282.55,63.04,156.36-282.44
0.2,1.0,0.5,20,51.6,38.0,100,2,12.5,100.0,87.5,19.44,32.16-71.04,41.54,12,60.0,224.42,180.93,52.69,432.26,379.58,84.68,139.74-309.1
0.2,1.0,0.7,20,47.65,26.0,100,4,6.75,100.0,93.25,19.49,28.16-67.14,41.64,13,65.0,155.47,136.03,21.87,322.88,301.01,63.66,91.81-219.13
0.2,1.0,1.0,20,33.1,17.0,100,3,11.25,39.75,28.5,16.05,17.05-49.15,34.3,17,85.0,190.64,197.77,61.67,228.53,166.86,92.56,98.08-283.2
0.5,0.2,0.2,20,79.8,100.0,100,1,55.25,100.0,44.75,15.48,64.32-95.28,33.08,6,30.0,185.82,76.6,131.15,236.62,105.48,35.85,149.97-221.67
0.5,0.2,0.5,20,66.35,89.0,100,3,34.75,100.0,65.25,18.35,48.0-84.7,39.2,10,50.0,289.07,170.25,152.6,435.99,283.39,79.68,209.4-368.76
0.5,0.2,0.7,20,52.1,48.5,100,1,11.0,100.0,89.0,19.59,32.51-71.69,41.86,13,65.0,240.06,200.31,52.57,474.54,421.97,93.75,146.31-333.81
0.5,0.2,1.0,20,30.5,17.0,100,3,9.0,38.0,29.0,14.03,16.47-44.53,29.98,18,90.0,175.52,170.99,49.42,222.14,172.72,80.03,95.49-255.55
0.5,0.5,0.2,20,82,100.0,100,8,71.5,100.0,28.5,12.97,69.03-94.97,27.71,8,40.0,197.05,66.83,170.8,239.87,69.06,31.28,165.77-228.33
0.5,0.5,0.5,20,59.95,80.0,100,1,15.75,100.0,84.25,19.68,40.27-79.63,42.05,10,50.0,263.38,184.78,70.06,441.01,370.95,86.48,176.9-349.86
0.5,0.5,0.7,20,44.25,21.5,100,1,7.75,100.0,92.25,19.74,24.51-63.99,42.19,14,70.0,197.47,190.53,40.93,330.66,289.74,89.17,108.3-286.64
0.5,0.5,1.0,20,42.85,17.0,100,1,10.5,100.0,89.5,19.74,23.11-62.59,42.17,14,70.0,248.3,244.66,60.32,573.42,513.1,114.51,133.79-362.81
0.5,0.7,0.2,20,62.65,70.5,100,3,32.75,100.0,67.25,16.73,45.92-79.38,35.74,13,65.0,151.05,86.14,78.52,241.84,163.32,40.31,110.74-191.36
0.5,0.7,0.5,20,50.7,31.0,100,1,12.5,100.0,87.5,19.49,31.21-70.19,41.65,12,60.0,225.2,185.35,55.1,443.68,388.58,86.75,138.45-311.95
0.5,0.7,0.7,20,41,25.0,100,4,11.0,64.75,53.75,16.92,24.08-57.92,36.15,15,75.0,224.52,203.05,65.56,334.5,268.94,95.03,129.49-319.55
0.5,0.7,1.0,20,32.4,11.5,100,2,4.75,48.25,43.5,18.51,13.89-50.91,39.55,15,75.0,188.41,230.76,28.26,276.44,248.18,108.0,80.41-296.41
0.5,1.0,0.2,20,54.65,45.5,100,1,6.25,100.0,93.75,20.28,34.37-74.93,43.32,11,55.0,133.17,105.81,15.51,243.08,227.56,49.52,83.65-182.69
0.5,1.0,0.5,20,43.2,28.0,100,2,14.0,79.0,65.0,17.0,26.2-60.2,36.33,15,75.0,190.66,159.86,61.77,346.0,284.24,74.82,115.84-265.48
0.5,1.0,0.7,20,47.2,28.5,100,1,7.0,100.0,93.0,19.94,27.26-67.14,42.61,13,65.0,253.08,235.42,37.47,532.33,494.86,110.18,142.9-363.26
0.5,1.0,1.0,20,33.4,18.0,100,1,10.5,43.5,33.0,15.81,17.59-49.21,33.79,17,85.0,195.04,198.19,61.97,250.0,188.02,92.76,102.28-287.8
0.7,0.2,0.2,20,67.6,100.0,100,4,28.0,100.0,72.0,18.26,49.34-85.86,39.01,9,45.0,166.29,95.58,69.56,246.5,176.95,44.73,121.56-211.02
0.7,0.2,0.5,20,50.85,30.0,100,5,13.75,100.0,86.25,19.1,31.75-69.95,40.81,12,60.0,226.73,182.1,60.73,444.28,383.54,85.22,141.51-311.95
0.7,0.2,0.7,20,53.5,38.0,100,3,16.5,100.0,83.5,18.58,34.92-72.08,39.7,12,60.0,284.2,212.85,89.76,492.12,402.36,99.62,184.58-383.82
0.7,0.2,1.0,20,38.85,16.5,100,1,10.0,76.0,66.0,18.27,20.58-57.12,39.03,15,75.0,227.46,229.96,57.28,442.84,385.57,107.62,119.84-335.08
0.7,0.5,0.2,20,68.05,84.5,100,7,28.25,100.0,71.75,17.64,50.41-85.69,37.68,11,55.0,168.17,92.9,67.88,245.62,177.73,43.48,124.69-211.65
0.7,0.5,0.5,20,41.7,21.0,100,1,9.25,100.0,90.75,18.66,23.04-60.36,39.86,14,70.0,187.64,179.98,40.22,445.01,404.79,84.23,103.41-271.87
0.7,0.5,0.7,20,59,52.0,100,10,14.0,100.0,86.0,18.29,40.71-77.29,39.09,11,55.0,312.41,203.39,77.58,525.34,447.77,95.19,217.22-407.6
0.7,0.5,1.0,20,47.85,22.0,100,5,11.0,100.0,89.0,20.06,27.79-67.91,42.87,12,60.0,283.62,254.97,66.39,591.8,525.42,119.33,164.29-402.95
0.7,0.7,0.2,20,67.55,89.0,100,1,27.5,100.0,72.5,17.95,49.6-85.5,38.35,11,55.0,171.59,97.36,69.89,252.53,182.64,45.57,126.02-217.16
0.7,0.7,0.5,20,42.3,19.5,100,1,11.0,92.5,81.5,18.42,23.88-60.72,39.36,15,75.0,191.17,178.91,44.18,420.46,376.28,83.73,107.44-274.9
0.7,0.7,0.7,20,52.9,33.0,100,3,20.0,100.0,80.0,18.44,34.46-71.34,39.4,12,60.0,297.84,221.32,117.12,560.88,443.76,103.58,194.26-401.42
0.7,0.7,1.0,20,28.2,17.0,100,4,12.0,24.0,12.0,14.49,13.71-42.69,30.95,17,85.0,163.59,177.69,69.48,139.86,70.38,83.16,80.43-246.75
0.7,1.0,0.2,20,72.45,92.5,100,15,40.5,100.0,59.5,15.47,56.98-87.92,33.06,10,50.0,183.81,83.12,104.78,253.98,149.2,38.9,144.91-222.71
0.7,1.0,0.5,20,51.7,39.5,100,4,20.25,100.0,79.75,17.5,34.2-69.2,37.39,13,65.0,156.26,113.27,60.28,299.75,239.47,53.01,103.25-209.27
0.7,1.0,0.7,20,39.4,29.5,100,2,15.75,50.25,34.5,15.47,23.93-54.87,33.05,16,80.0,218.24,182.48,89.1,284.2,195.1,85.4,132.84-303.64
0.7,1.0,1.0,20,49.1,34.0,100,6,12.75,100.0,87.25,18.7,30.4-67.8,39.96,13,65.0,290.32,237.05,74.86,588.62,513.76,110.94,179.38-401.26
1.0,0.2,0.2,20,71.1,100.0,100,5,41.5,100.0,58.5,16.63,54.47-87.73,35.54,9,45.0,248.46,141.8,137.11,398.43,261.32,66.36,182.1-314.82
1.0,0.2,0.5,20,56,51.0,100,1,10.5,100.0,89.5,19.02,36.98-75.02,40.64,12,60.0,170.77,123.53,32.17,299.39,267.22,57.82,112.95-228.59
1.0,0.2,0.7,20,44.05,35.5,100,1,13.75,71.5,57.75,16.84,27.21-60.89,35.99,15,75.0,247.8,202.57,77.45,396.13,318.69,94.8,153.0-342.6
1.0,0.2,1.0,20,47.35,29.5,100,2,13.75,100.0,86.25,18.84,28.51-66.19,40.25,13,65.0,281.43,239.69,80.96,592.46,511.51,112.18,169.25-393.61
1.0,0.5,0.2,20,79.35,100.0,100,1,62.25,100.0,37.75,15.51,63.84-94.86,33.15,8,40.0,332.68,138.53,263.29,421.04,157.74,64.83,267.85-397.51
1.0,0.5,0.5,20,56.65,56.5,100,1,15.75,100.0,84.25,19.73,36.92-76.38,42.17,11,55.0,174.83,130.26,48.78,309.54,260.76,60.96,113.87-235.79
1.0,0.5,0.7,20,51.4,44.0,100,1,17.0,100.0,83.0,17.8,33.6-69.2,38.04,13,65.0,289.6,214.28,97.32,554.08,456.76,100.29,189.31-389.89
1.0,0.5,1.0,20,33.65,25.0,100,2,10.0,42.25,32.25,14.73,18.92-48.38,31.48,17,85.0,204.55,193.2,57.69,251.8,194.1,90.42,114.13-294.97
1.0,0.7,0.2,20,84.05,100.0,100,1,91.0,100.0,9.0,14.47,69.58-98.52,30.91,5,25.0,352.66,129.86,370.7,422.1,51.4,60.77,291.89-413.43
1.0,0.7,0.5,20,63.05,69.5,100,2,18.25,100.0,81.75,18.08,44.97-81.13,38.63,12,60.0,196.56,120.88,56.32,309.71,253.4,56.57,139.99-253.13
1.0,0.7,0.7,20,52.2,50.0,100,1,10.75,100.0,89.25,19.78,32.42-71.98,42.27,13,65.0,294.42,239.43,58.05,563.21,505.16,112.06,182.36-406.48
1.0,0.7,1.0,20,41.85,27.0,100,3,12.5,70.0,57.5,17.05,24.8-58.9,36.43,15,75.0,253.51,221.49,74.65,424.68,350.02,103.66,149.85-357.17
1.0,1.0,0.2,20,63.85,100.0,100,5,13.5,100.0,86.5,19.49,44.36-83.34,41.63,9,45.0,272.81,178.35,57.15,428.42,371.27,83.47,189.34-356.28
1.0,1.0,0.5,20,54.4,51.5,100,1,12.75,100.0,87.25,18.82,35.58-73.22,40.21,13,65.0,171.68,127.1,39.11,314.35,275.24,59.49,112.19-231.17
1.0,1.0,0.7,20,61.8,70.5,100,8,26.5,100.0,73.5,18.26,43.54-80.06,39.01,10,50.0,352.4,224.19,149.17,573.46,424.29,104.92,247.48-457.32
1.0,1.0,1.0,20,35.55,16.0,100,3,6.75,53.5,46.75,17.94,17.61-53.49,38.34,15,75.0,142.38,144.35,31.34,263.14,231.8,67.56,74.82-209.94
