experiment,generations,converged,time_taken
linear,12,True,290.07
linear,40,True,937.5
linear,5,True,116.59
linear,8,True,183.16
linear,30,True,740.44
linear,2,True,47.99
linear,18,True,421.51
linear,4,True,87.43
linear,6,True,152.21
linear,12,True,293.75
linear,15,True,404.79
linear,4,True,97.53
linear,20,True,486.27
linear,26,True,544.87
linear,19,True,454.6
linear,5,True,128.54
linear,14,True,343.15
linear,10,True,235.73
linear,3,True,71.01
linear,4,True,109.04
relu,2,True,42.66
relu,1,True,21.42
relu,30,True,723.07
relu,6,True,145.33
relu,7,True,151.38
relu,4,True,88.85
relu,18,True,442.54
relu,3,True,73.02
relu,6,True,136.4
relu,8,True,187.66
relu,12,True,251.51
relu,13,True,326.11
relu,31,True,749.4
relu,15,True,391.75
relu,5,True,114.78
relu,12,True,242.42
relu,11,True,262.74
relu,5,True,111.84
relu,8,True,207.2
relu,12,True,274.18
tanh,100,False,1990.18
tanh,100,False,2078.46
tanh,100,False,2004.69
tanh,100,False,2087.57
tanh,100,False,2268.65
tanh,100,False,1988.81
tanh,100,False,1969.75
tanh,100,False,2059.3
tanh,100,False,2199.87
tanh,100,False,2112.93
tanh,100,False,2085.84
tanh,100,False,2017.86
tanh,100,False,2181.1
tanh,100,False,2052.18
tanh,100,False,2080.44
tanh,100,False,2144.64
tanh,100,False,2000.69
tanh,100,False,2069.47
tanh,100,False,2035.59
tanh,100,False,1951.26
genesis_gaussian,11,True,224.38
genesis_gaussian,12,True,238.66
genesis_gaussian,4,True,82.76
genesis_gaussian,22,True,432.98
genesis_gaussian,26,True,528.65
genesis_gaussian,6,True,115.82
genesis_gaussian,23,True,471.93
genesis_gaussian,6,True,115.95
genesis_gaussian,5,True,101.2
genesis_gaussian,28,True,592.62
genesis_gaussian,5,True,105.36
genesis_gaussian,14,True,290.22
genesis_gaussian,4,True,76.98
genesis_gaussian,5,True,103.85
genesis_gaussian,4,True,82.64
genesis_gaussian,16,True,318.94
genesis_gaussian,10,True,202.27
genesis_gaussian,43,True,815.92
genesis_gaussian,31,True,605.1
genesis_gaussian,9,True,186.88
genesis_chain,17,True,381.58
genesis_chain,6,True,125.35
genesis_chain,4,True,83.09
genesis_chain,2,True,39.31
genesis_chain,11,True,246.91
genesis_chain,9,True,202.49
genesis_chain,24,True,539.7
genesis_chain,13,True,279.91
genesis_chain,10,True,202.99
genesis_chain,2,True,43.53
genesis_chain,4,True,84.49
genesis_chain,3,True,63.12
genesis_chain,12,True,248.78
genesis_chain,4,True,78.47
genesis_chain,4,True,79.02
genesis_chain,24,True,550.3
genesis_chain,3,True,62.34
genesis_chain,1,True,18.25
genesis_chain,17,True,425.65
genesis_chain,24,True,545.2
genesis_dijkstra,100,False,659.65
genesis_dijkstra,100,False,661.49
genesis_dijkstra,100,False,658.91
genesis_dijkstra,100,False,658.3
genesis_dijkstra,100,False,665.09
genesis_dijkstra,100,False,661.84
genesis_dijkstra,100,False,661.46
genesis_dijkstra,100,False,659.36
genesis_dijkstra,100,False,661.49
genesis_dijkstra,100,False,663.76
genesis_dijkstra,100,False,666.41
genesis_dijkstra,100,False,662.29
genesis_dijkstra,100,False,662.66
genesis_dijkstra,100,False,657.99
genesis_dijkstra,100,False,657.84
genesis_dijkstra,100,False,660.39
genesis_dijkstra,100,False,657.63
genesis_dijkstra,100,False,662.09
genesis_dijkstra,100,False,656.04
genesis_dijkstra,100,False,655.16
genesis_dijkstra_chain,100,False,679.83
genesis_dijkstra_chain,100,False,673.13
genesis_dijkstra_chain,100,False,676.89
genesis_dijkstra_chain,100,False,671.34
genesis_dijkstra_chain,100,False,676.37
genesis_dijkstra_chain,100,False,671.75
genesis_dijkstra_chain,100,False,670.1
genesis_dijkstra_chain,100,False,686.18
genesis_dijkstra_chain,100,False,675.99
genesis_dijkstra_chain,100,False,675.61
genesis_dijkstra_chain,100,False,672.39
genesis_dijkstra_chain,100,False,674.42
genesis_dijkstra_chain,100,False,678.78
genesis_dijkstra_chain,100,False,672.95
genesis_dijkstra_chain,100,False,669.21
genesis_dijkstra_chain,100,False,670.78
genesis_dijkstra_chain,100,False,669.68
genesis_dijkstra_chain,100,False,666.65
genesis_dijkstra_chain,100,False,670.01
genesis_dijkstra_chain,100,False,671.74
genesis_weights,5,True,101.93
genesis_weights,12,True,251.83
genesis_weights,3,True,65.98
genesis_weights,2,True,42.41
genesis_weights,8,True,172.29
genesis_weights,1,True,20.77
genesis_weights,9,True,199.84
genesis_weights,8,True,169.46
genesis_weights,5,True,104.71
genesis_weights,6,True,124.35
genesis_weights,7,True,150.38
genesis_weights,1,True,19.94
genesis_weights,5,True,103.63
genesis_weights,2,True,40.26
genesis_weights,3,True,62.25
genesis_weights,17,True,356.55
genesis_weights,3,True,60.96
genesis_weights,9,True,189.02
genesis_weights,3,True,61.07
genesis_weights,4,True,90.78
Neurons: 1,2,True,40.77
Neurons: 1,4,True,69.13
Neurons: 1,7,True,141.43
Neurons: 1,1,True,20.37
Neurons: 1,1,True,23.73
Neurons: 1,4,True,84.68
Neurons: 1,4,True,82.63
Neurons: 1,5,True,100.2
Neurons: 1,3,True,62.91
Neurons: 1,5,True,104.21
Neurons: 1,100,False,2052.34
Neurons: 1,13,True,248.35
Neurons: 1,9,True,178.68
Neurons: 1,1,True,20.31
Neurons: 1,15,True,314.82
Neurons: 1,3,True,61.76
Neurons: 1,3,True,51.8
Neurons: 1,5,True,112.07
Neurons: 1,7,True,148.19
Neurons: 1,3,True,57.24
Neurons: 4,6,True,119.74
Neurons: 4,10,True,210.4
Neurons: 4,4,True,78.59
Neurons: 4,13,True,274.25
Neurons: 4,5,True,100.58
Neurons: 4,8,True,160.45
Neurons: 4,10,True,201.35
Neurons: 4,5,True,98.89
Neurons: 4,8,True,156.34
Neurons: 4,9,True,189.0
Neurons: 4,13,True,263.38
Neurons: 4,7,True,141.98
Neurons: 4,4,True,78.49
Neurons: 4,3,True,64.21
Neurons: 4,8,True,159.91
Neurons: 4,6,True,119.41
Neurons: 4,5,True,98.13
Neurons: 4,3,True,59.28
Neurons: 4,2,True,40.25
Neurons: 4,17,True,336.96
Neurons: 6,5,True,100.24
Neurons: 6,14,True,277.03
Neurons: 6,3,True,57.31
Neurons: 6,5,True,100.5
Neurons: 6,3,True,58.04
Neurons: 6,3,True,59.35
Neurons: 6,4,True,77.74
Neurons: 6,2,True,40.53
Neurons: 6,6,True,119.36
Neurons: 6,4,True,79.14
Neurons: 6,4,True,79.72
Neurons: 6,3,True,60.99
Neurons: 6,42,True,839.1
Neurons: 6,1,True,20.5
Neurons: 6,11,True,221.18
Neurons: 6,1,True,20.52
Neurons: 6,2,True,38.49
Neurons: 6,2,True,39.07
Neurons: 6,31,True,627.2
Neurons: 6,3,True,60.31
genesis_control_offline,8,True,169.29
genesis_control_offline,2,True,40.04
genesis_control_offline,2,True,41.07
genesis_control_offline,2,True,42.7
genesis_control_offline,8,True,170.12
genesis_control_offline,3,True,61.55
genesis_control_offline,4,True,82.79
genesis_control_offline,1,True,19.12
genesis_control_offline,9,True,197.66
genesis_control_offline,3,True,65.41
genesis_control_offline,12,True,254.2
genesis_control_offline,4,True,78.94
genesis_control_offline,3,True,62.69
genesis_control_offline,14,True,303.31
genesis_control_offline,3,True,61.87
genesis_control_offline,2,True,40.57
genesis_control_offline,11,True,229.81
genesis_control_offline,3,True,61.86
genesis_control_offline,5,True,104.4
genesis_control_offline,6,True,124.62
Random Host: 1,9,True,186.76
Random Host: 1,6,True,130.11
Random Host: 1,1,True,20.28
Random Host: 1,5,True,110.36
Random Host: 1,7,True,149.01
Random Host: 1,15,True,341.06
Random Host: 1,8,True,169.41
Random Host: 1,8,True,170.9
Random Host: 1,7,True,150.29
Random Host: 1,2,True,40.78
Random Host: 1,2,True,41.65
Random Host: 1,3,True,69.89
Random Host: 1,9,True,181.81
Random Host: 1,6,True,125.18
Random Host: 1,3,True,65.0
Random Host: 1,3,True,64.5
Random Host: 1,7,True,146.64
Random Host: 1,3,True,66.79
Random Host: 1,2,True,43.75
Random Host: 1,3,True,62.38
Random Host: 2,3,True,58.02
Random Host: 2,6,True,126.23
Random Host: 2,6,True,128.79
Random Host: 2,7,True,150.15
Random Host: 2,1,True,20.64
Random Host: 2,2,True,41.07
Random Host: 2,1,True,20.85
Random Host: 2,11,True,230.98
Random Host: 2,19,True,415.03
Random Host: 2,12,True,268.41
Random Host: 2,1,True,22.12
Random Host: 2,1,True,23.22
Random Host: 2,3,True,61.41
Random Host: 2,3,True,62.94
Random Host: 2,1,True,22.84
Random Host: 2,12,True,270.42
Random Host: 2,8,True,182.75
Random Host: 2,17,True,357.23
Random Host: 2,6,True,124.95
Random Host: 2,13,True,283.32
Random Host: 3,7,True,142.11
Random Host: 3,2,True,39.78
Random Host: 3,1,True,20.43
Random Host: 3,4,True,89.78
Random Host: 3,3,True,63.47
Random Host: 3,7,True,148.48
Random Host: 3,1,True,22.38
Random Host: 3,5,True,111.53
Random Host: 3,6,True,123.18
Random Host: 3,3,True,58.08
Random Host: 3,4,True,83.9
Random Host: 3,2,True,40.65
Random Host: 3,22,True,474.62
Random Host: 3,5,True,99.31
Random Host: 3,11,True,244.13
Random Host: 3,10,True,208.39
Random Host: 3,3,True,62.17
Random Host: 3,4,True,90.21
Random Host: 3,16,True,336.13
Random Host: 3,11,True,251.11
Random Host: 4,10,True,211.04
Random Host: 4,5,True,107.17
Random Host: 4,2,True,42.29
Random Host: 4,2,True,40.95
Random Host: 4,1,True,22.38
Random Host: 4,6,True,136.01
Random Host: 4,4,True,90.29
Random Host: 4,1,True,21.02
Random Host: 4,14,True,302.09
Random Host: 4,6,True,134.26
Random Host: 4,3,True,65.42
Random Host: 4,8,True,170.57
Random Host: 4,1,True,20.95
Random Host: 4,9,True,181.63
Random Host: 4,5,True,102.8
Random Host: 4,10,True,222.39
Random Host: 4,2,True,45.8
Random Host: 4,8,True,166.77
Random Host: 4,17,True,359.8
Random Host: 4,1,True,20.81
