startTime,endTime,cpu,memory,median,reqps
1739381066,1739381068,0.07583771649758077,1022296064,10.063338000000002,3.0
1739381068,1739381070,0.2406277361622465,1026551808,6.0389295,8.0
1739381070,1739381072,0.5678674985502729,1033408512,5.349855,11.0
1739381072,1739381074,1.0769132443055773,1047556096,5.095354,14.5
1739381074,1739381076,1.1458526134081697,1050390528,5.006576,18.0
1739381076,1739381078,1.0884405454942996,1065537536,4.569081,21.5
1739381078,1739381080,1.0966149373283396,1078362112,4.44661,24.5
1739381080,1739381082,1.1406095495472994,1090760704,4.431505,28.0
1739381082,1739381084,1.1090356086753004,1102782464,4.1874765,31.0
1739381084,1739381086,1.0852884984749456,1115852800,4.43919,34.5
1739381086,1739381088,1.0873418019041674,1131466752,4.4121310000000005,38.0
1739381088,1739381090,1.100962524449992,1144193024,3.938504,41.0
1739381090,1739381092,1.113644616057482,1156501504,3.71591,45.0
1739381092,1739381094,1.1010311511221944,1169055744,3.746981,47.5
1739381094,1739381096,1.1099307598689343,1181487104,3.598604,51.5
1739381096,1739381098,1.1136147133094088,1194573824,3.540228,54.5
1739381098,1739381100,1.1344377134291068,1210761216,3.6042145000000003,58.0
1739381100,1739381102,1.13507077076827,1226092544,3.5522479999999996,61.0
1739381102,1739381104,1.1797566153174233,1209090048,3.622702,64.5
1739381104,1739381106,1.1284262832135041,1220476928,3.5588319999999998,68.0
1739381106,1739381108,1.1275272905825395,1232011264,3.599404,71.5
1739381108,1739381110,1.1365543852453892,1243766784,3.579855,74.5
1739381110,1739381112,1.1651833681974384,1254977536,3.5445335,78.0
1739381112,1739381114,1.15817548783995,1267232768,3.33196,81.0
1739381114,1739381116,1.1687642520992665,1282621440,3.455677,84.5
1739381116,1739381118,1.1420753517262927,1302482944,3.497586,88.0
1739381118,1739381120,1.1768196867605634,1319710720,3.5326525,91.0
1739381120,1739381122,1.2392971518200282,1331544064,3.4257615,95.0
1739381122,1739381124,1.1815696659587758,1343385600,3.411438,97.5
1739381124,1739381126,1.1756338219233777,1355304960,3.365835,101.5
1739381126,1739381128,1.1734472456606724,1366315008,3.48742,104.5
1739381128,1739381130,1.1646472786864739,1380315136,3.458858,108.0
1739381130,1739381132,1.1900444395494367,1393553408,3.438596,111.0
1739381132,1739381134,1.1576302645423304,1407528960,3.374931,114.5
1739381134,1739381136,1.2291455480730222,1420288000,3.16694,118.0
1739381136,1739381138,1.1870554540970812,1432412160,3.271415,121.5
1739381138,1739381140,1.1752154154519863,1444626432,3.337579,124.5
1739381140,1739381142,1.2346755561112848,1455554560,3.26138,128.0
1739381142,1739381144,1.1678733990930414,1467396096,3.262336,131.0
1739381144,1739381146,1.4087744760475298,1480318976,3.387265,134.5
1739381146,1739381148,1.1988959874902267,1492348928,3.4333685000000003,138.0
1739381148,1739381150,1.1854535303694427,1504522240,3.3274,141.0
1739381150,1739381152,1.21503929935787,1516466176,3.365379,145.0
1739381152,1739381154,1.2149664494922667,1527742464,3.345313,147.5
1739381154,1739381156,1.2246047864809888,1540354048,3.115694,151.5
1739381156,1739381158,1.2086347558194033,1552359424,3.167342,154.5
1739381158,1739381160,1.2005621505080506,1563684864,3.1000025,158.0
1739381160,1739381162,1.2281492819759263,1576308736,3.1405089999999998,161.0
1739381162,1739381164,1.2304930323910668,1589260288,3.026284,164.5
1739381164,1739381166,1.2071235593930862,1601269760,3.0143934999999997,168.0
1739381166,1739381168,1.2251646367193614,1613533184,2.928955,171.5
1739381168,1739381170,1.2110377420607579,1626058752,3.093903,174.5
1739381170,1739381172,1.1979189905805039,1638993920,2.949082,177.5
1739381172,1739381174,1.2048041262894655,1650860032,3.121317,181.5
1739381174,1739381176,1.2313641451244326,1663549440,3.205344,184.5
1739381176,1739381178,1.2156053804068858,1676341248,3.186453,188.0
1739381178,1739381180,1.2321706165884194,1688113152,3.2405,191.0
1739381180,1739381182,1.233253135431345,1699880960,3.126124,194.5
1739381182,1739381184,1.2388646093329156,1705623552,3.0077625,198.0
1739381184,1739381186,1.2965333897107114,1704882176,2.995086,201.5
1739381186,1739381188,1.2609391070903115,1705730048,3.121645,204.5
1739381188,1739381190,1.2348235871854978,1706127360,3.092114,208.0
1739381190,1739381192,1.2411552997025208,1706196992,3.0338915,211.0
1739381192,1739381194,1.2352885700344072,1706311680,2.989752,214.5
1739381194,1739381196,1.2363551198748044,1707106304,2.8878575,218.0
1739381196,1739381198,1.262134474231975,1707081728,2.9825425,221.0
1739381198,1739381200,1.2205046441038474,1707204608,3.013792,225.0
1739381200,1739381202,1.231689300798747,1706999808,3.002042,227.5
1739381202,1739381204,1.2596552104058925,1707384832,3.069158,231.5
1739381204,1739381206,1.2413613168806765,1707696128,3.052472,234.5
1739381206,1739381208,1.2954345942087964,1707741184,3.195194,238.0
1739381208,1739381210,1.2649288492558357,1707778048,3.077086,241.0
1739381210,1739381212,1.2645725730709154,1707835392,3.035453,244.5
1739381212,1739381214,1.2822672479824149,1707708416,3.113513,248.0
1739381214,1739381216,1.2825348056338028,1708130304,3.059473,251.5
1739381216,1739381218,1.3137966793869253,1708396544,3.016165,254.5
1739381218,1739381220,1.2859498048260734,1708994560,2.9178595,258.0
1739381220,1739381222,1.2771689236648394,1709416448,2.9977039999999997,261.0
1739381222,1739381224,1.277432209827856,1709387776,2.958493,264.5
1739381224,1739381226,1.2702058599874766,1710292992,2.925853,268.0
1739381226,1739381228,1.3224686024722265,1710370816,2.8341215,271.0
1739381228,1739381230,1.2687284626445765,1710694400,3.035468,275.0
1739381230,1739381232,1.294305623551519,1710231552,3.067733,277.5
1739381232,1739381234,1.270745865243328,1723523072,2.931413,281.5
1739381234,1739381236,1.2803517683484802,1711312896,3.015805,284.5
1739381236,1739381238,1.301728466677121,1712709632,2.9514310000000004,288.0
1739381238,1739381240,1.3034365968730457,1713184768,2.9896564999999997,291.0
1739381240,1739381242,1.328004750846395,1713688576,2.945606,294.5
1739381242,1739381244,1.324696533834351,1714999296,3.0638135,298.0
1739381244,1739381246,1.2650723212007504,1716232192,2.9506129999999997,301.0
1739381246,1739381248,1.2916509049929565,1718132736,2.937519,304.5
1739381248,1739381250,1.2864827346183985,1719525376,2.9796975,308.0
1739381250,1739381252,1.3071236156494523,1719750656,2.974982,311.5
1739381252,1739381254,1.3107570710546936,1719914496,2.921305,314.5
1739381254,1739381256,1.310687508309815,1719996416,2.9491085,318.0
1739381256,1739381258,1.3382883778264956,1720594432,2.876565,321.5
1739381258,1739381260,1.3347349597616434,1720639488,2.931343,324.5
1739381260,1739381262,1.2852253305790298,1720922112,2.897699,327.5
1739381262,1739381264,1.246179784913928,1731768320,2.826218,331.5
1739381264,1739381266,1.2416183572882418,1722368000,2.762906,334.5
1739381266,1739381268,1.2695468087106376,1722826752,2.739273,338.0
1739381268,1739381270,1.2402817312871908,1724256256,2.8583445,341.0
1739381270,1739381272,1.2657087509079523,1723752448,2.743579,344.5
1739381272,1739381274,1.2585051541888923,1725300736,2.8742995000000002,348.0
1739381274,1739381276,1.250936055656534,1726066688,2.888943,351.5
1739381276,1739381278,1.237426641166327,1727049728,2.878317,354.5
1739381278,1739381280,1.248085789711418,1728258048,2.834746,357.5
1739381280,1739381282,1.270964059865646,1729794048,2.793151,361.5
1739381282,1739381284,1.256719710638298,1724858368,2.744405,364.5
1739381284,1739381286,1.2554063949874688,1725464576,2.7845885,368.0
1739381286,1739381288,1.2726048005011745,1728868352,2.74818,371.0
1739381288,1739381290,1.2647422827435013,1737359360,2.874668,375.0
1739381290,1739381292,1.2963760225634597,1745399808,2.821093,377.5
1739381292,1739381294,1.2517480118954454,1753587712,2.757311,381.5
1739381294,1739381296,1.2832545188528444,1761988608,2.826545,384.5
1739381296,1739381298,1.2746820969411765,1771618304,2.8292520000000003,388.0
1739381298,1739381300,1.2685092296412346,1781194752,2.8020395000000002,391.0
1739381300,1739381302,1.649380039467502,1793961984,2.767507,394.5
1739381302,1739381304,1.2885393983140805,1791258624,2.7582940000000002,398.0
1739381304,1739381306,1.2996528368941176,1791471616,2.902921,401.0
1739381306,1739381308,1.3148735989960785,1792028672,2.8472454999999997,405.0
1739381308,1739381310,1.2927680030164965,1791344640,2.823042,407.5
1739381310,1739381312,1.2887389645585472,1792143360,2.810891,411.5
1739381312,1739381314,1.2737409765240557,1807507456,2.777194,414.5
1739381314,1739381316,1.299098864604811,1792659456,2.8266245000000003,418.0
1739381316,1739381318,1.3030359344963067,1792753664,2.809675,421.0
1739381318,1739381320,1.2867187863971163,1792802816,2.813782,424.5
1739381320,1739381322,1.2870997633943948,1793069056,2.6819905,428.0
1739381322,1739381324,1.2853974977951526,1792696320,2.6933575,431.0
1739381324,1739381326,1.299141953418199,1792655360,2.660788,435.0
1739381326,1739381328,1.3198121162907268,1793449984,2.806866,437.5
1739381328,1739381330,1.3041905682102628,1793810432,2.826345,441.5
1739381330,1739381332,1.2967106002189894,1793363968,2.773443,444.5
1739381332,1739381334,1.3012534923052812,1793433600,2.6957500000000003,448.0
1739381334,1739381336,1.2932030906583072,1793548288,2.762276,451.0
1739381336,1739381338,1.2983688572145546,1793765376,2.676079,455.0
1739381338,1739381340,1.3024709322454102,1794187264,2.788089,457.5
1739381340,1739381342,1.3089218634940514,1793769472,2.692347,461.5
1739381342,1739381344,1.2968223026065242,1793769472,2.666972,464.5
1739381344,1739381346,1.3329464263736264,1794002944,2.7655795000000003,468.0
1739381346,1739381348,1.3238669654135338,1795342336,2.767459,471.0
1739381348,1739381350,1.315543088010044,1795076096,2.640239,474.5
1739381350,1739381352,1.3140744528645425,1808343040,2.640371,478.0
1739381352,1739381354,1.3221946436094953,1795203072,2.735787,481.5
1739381354,1739381356,1.2949200045070421,1794965504,2.7702465,484.0
1739381356,1739381358,1.3330354508971758,1795129344,2.693235,488.5
1739381358,1739381360,1.310985550274682,1796022272,2.672112,491.0
1739381360,1739381362,1.3358540099952851,1795448832,2.710412,494.5
1739381362,1739381364,1.1267122398500937,1794850816,2.7289909999999997,498.0
1739381364,1739381366,1.0418602486891386,1795571712,2.7667640000000002,65.0
